{
  "model_type": "ensemble",
  "performance_metrics": {
    "accuracy": 0.122,
    "f1_weighted": 0.028540747842761265,
    "f1_macro": 0.04678811121764142
  },
  "feature_importance": {
    "random_forest": {
      "symptom_0": 0.012712840411109639,
      "symptom_1": 0.0107412883607267,
      "symptom_2": 0.000625577622741549,
      "symptom_3": 0.0057683102073021846,
      "symptom_4": 0.008041844532102356,
      "symptom_5": 0.004525728957788162,
      "symptom_6": 0.015300966341865445,
      "symptom_7": 0.0009750983640625009,
      "symptom_8": 0.002122745769846448,
      "symptom_9": 0.006200354966883513,
      "symptom_10": 0.005723830783480841,
      "symptom_11": 0.003080162003030284,
      "symptom_12": 0.00679819841823803,
      "symptom_13": 0.002545528721166296,
      "symptom_14": 0.008285974360348485,
      "symptom_15": 0.005247316823597703,
      "symptom_16": 0.001798268084460889,
      "symptom_17": 0.00851843740037631,
      "symptom_18": 0.001503585543797886,
      "symptom_19": 0.004999928966101087,
      "symptom_20": 0.004382138370993611,
      "symptom_21": 0.005343325360585982,
      "symptom_22": 0.004514598934421769,
      "symptom_23": 0.016098472644878944,
      "symptom_24": 0.003221367621491755,
      "symptom_25": 0.009080978501950715,
      "symptom_26": 0.004628835780905912,
      "symptom_27": 0.015348411028698116,
      "symptom_28": 0.0016308541803542204,
      "symptom_29": 0.0014934224102202168,
      "symptom_30": 0.006951083454435661,
      "symptom_31": 0.0009861627301775697,
      "symptom_32": 0.010298346129098851,
      "symptom_33": 0.001615248152763265,
      "symptom_34": 0.0004562380052644188,
      "symptom_35": 0.0013367502573957293,
      "symptom_36": 0.0007671972692786263,
      "symptom_37": 0.005527059314613335,
      "symptom_38": 0.005306343027430201,
      "symptom_39": 0.003351415852613571,
      "symptom_40": 0.0011361766445575077,
      "symptom_41": 0.0008266571380049922,
      "symptom_42": 0.007930634947822746,
      "symptom_43": 0.017169944410941933,
      "symptom_44": 0.004676179334983505,
      "symptom_45": 0.0058391743010492115,
      "symptom_46": 0.01267169850604574,
      "text_length": 0.010295805268013911,
      "exclamation_count": 0.0,
      "question_count": 0.0022992178914354724,
      "critical_keyword_count": 0.03971360790908303,
      "urgent_keyword_count": 0.06324666142703672,
      "moderate_keyword_count": 0.062078336589730124,
      "low_keyword_count": 0.13164051478646985,
      "urgency_words": 0.0023735212472571774,
      "age_years": 0.2353494120590312,
      "weight_kg": 0.024228530703376515,
      "species_encoded": 0.009348898213788736,
      "age_category_encoded": 0.15132079295477294
    },
    "gradient_boost": {
      "symptom_0": 0.007779131908868558,
      "symptom_1": 0.0003501949933192819,
      "symptom_2": 0.00011035792505838703,
      "symptom_3": 0.004106878788691917,
      "symptom_4": 0.0008009547099314308,
      "symptom_5": 0.0009689511581501824,
      "symptom_6": 0.0002476447490828725,
      "symptom_7": 0.0007425121073800544,
      "symptom_8": 0.00012318409873160214,
      "symptom_9": 0.0004415691361428859,
      "symptom_10": 0.005130210827427705,
      "symptom_11": 0.0010551760451434947,
      "symptom_12": 0.0031096335338763846,
      "symptom_13": 0.0003077985794949619,
      "symptom_14": 0.017608886564792117,
      "symptom_15": 0.011260219566295297,
      "symptom_16": 0.00153140199690083,
      "symptom_17": 0.000205245925912832,
      "symptom_18": 1.461130103475846e-05,
      "symptom_19": 0.002003923070066092,
      "symptom_20": 0.0011123304966790114,
      "symptom_21": 0.001980313209515702,
      "symptom_22": 0.001212379891929747,
      "symptom_23": 0.02540218670292536,
      "symptom_24": 0.0008502300817982739,
      "symptom_25": 0.006927914774865054,
      "symptom_26": 0.00435805311280048,
      "symptom_27": 0.00024562745063777606,
      "symptom_28": 7.100901347280613e-05,
      "symptom_29": 0.00026850152174554324,
      "symptom_30": 0.01127824071070366,
      "symptom_31": 2.9360786508540177e-05,
      "symptom_32": 0.0004628601002934747,
      "symptom_33": 6.27772081255115e-05,
      "symptom_34": 0.0005185571129260855,
      "symptom_35": 9.063099498369502e-06,
      "symptom_36": 6.038476403423473e-05,
      "symptom_37": 0.00047380091735913475,
      "symptom_38": 0.00020914207212842416,
      "symptom_39": 0.00022594396285062368,
      "symptom_40": 0.0009171500206632855,
      "symptom_41": 1.3004824572949003e-05,
      "symptom_42": 0.005752066469107647,
      "symptom_43": 0.0005366094054163173,
      "symptom_44": 0.0018149995397345284,
      "symptom_45": 0.0002104786130148037,
      "symptom_46": 0.00031118995518585735,
      "text_length": 0.011259087674116722,
      "exclamation_count": 0.0,
      "question_count": 0.00026377457928623843,
      "critical_keyword_count": 0.03358099399864535,
      "urgent_keyword_count": 0.09259131001909765,
      "moderate_keyword_count": 0.07680609336108728,
      "low_keyword_count": 0.14669611637491956,
      "urgency_words": 0.0003246282981768409,
      "age_years": 0.502412509243933,
      "weight_kg": 0.004202199849556947,
      "species_encoded": 0.001690220629820464,
      "age_category_encoded": 0.006960403166564902
    }
  }
}